{"id":353322,"items":[{"id":353323,"status":2,"title":"Home","order":0,"templateKey":null,"pageLinks":[]},{"id":360746,"status":2,"title":"About Us","order":418859,"templateKey":null,"pageLinks":[]}],"metaTags":"","order":"0","headHtml":"","customCss":"","headerHtml":"<section class=\"u-clearfix u-grey-80 u-header u-sticky u-block-73ed-1\" custom-posts-hash=\"[]\" data-style=\"header-imglogo-menu\" data-post-id=\"658139433\" data-section-properties=\"{&quot;grid-spacing&quot;:&quot;0&quot;,&quot;align&quot;:&quot;left&quot;,&quot;stretch&quot;:true}\" data-id=\"73ed\" id=\"sec-64b2\">\n  <a href=\"#\" class=\"u-image u-logo u-block-73ed-8\" data-brightness=\"\" data-image-width=\"736\" data-image-height=\"240\">\n      <img src=\"np://user.desktop.nicepage.com/Site_353322/images/RibosomaLogo1.png\" class=\"u-logo-image u-block-73ed-10\" data-image-width=\"317.5467\">\n    </a><nav class=\"u-menu u-menu-dropdown u-offcanvas u-block-73ed-11\">\n      <div class=\"menu-collapse\" style=\"font-size: 1rem; letter-spacing: 0px;\">\n        <a class=\"u-button-style u-custom-left-right-menu-spacing u-custom-padding-bottom u-custom-text-active-color u-custom-text-color u-custom-text-hover-color u-custom-top-bottom-menu-spacing u-nav-link u-text-active-palette-1-base u-text-hover-palette-2-base\" href=\"#\">\n          <svg class=\"\"><use xlink:href=\"#menu-hamburger\" class=\"\"></use></svg>\n          <svg version=\"1.1\" xmlns=\"http://www.w3.org/2000/svg\" xmlns:xlink=\"http://www.w3.org/1999/xlink\" class=\"\"><defs class=\"\"><symbol id=\"menu-hamburger\" viewBox=\"0 0 16 16\" style=\"width: 16px; height: 16px;\" class=\"\"><rect y=\"1\" width=\"16\" height=\"2\" class=\"\"></rect><rect y=\"7\" width=\"16\" height=\"2\" class=\"\"></rect><rect y=\"13\" width=\"16\" height=\"2\" class=\"\"></rect>\n</symbol>\n</defs></svg>\n        </a>\n      </div>\n      <div class=\"u-custom-menu u-nav-container\">\n        <ul class=\"u-nav u-spacing-30 u-unstyled u-block-73ed-17\"><li class=\"u-nav-item\"><a class=\"u-border-2 u-border-active-palette-1-base u-border-hover-palette-1-light-1 u-border-no-left u-border-no-right u-border-no-top u-button-style u-nav-link u-text-active-white u-text-body-alt-color u-text-hover-palette-1-base\" href=\"/Home.html\" data-page-id=\"353323\" style=\"padding: 10px 0px;\">Home</a><div class=\"fake u-hidden u-nav-popup\"><ul class=\"u-h-spacing-20 u-nav u-unstyled u-v-spacing-10 u-block-73ed-18\"><li class=\"u-nav-item\"><a class=\"u-button-style u-nav-link u-white\" href=\"#\">Menu Item1</a></li><li class=\"u-nav-item\"><a class=\"u-button-style u-nav-link u-white\" href=\"#\">Menu Item2</a></li><li class=\"u-nav-item\"><a class=\"u-button-style u-nav-link u-white\" href=\"#\">Menu Item3</a></li></ul></div></li><li class=\"u-nav-item\"><a class=\"u-border-2 u-border-active-palette-1-base u-border-hover-palette-1-light-1 u-border-no-left u-border-no-right u-border-no-top u-button-style u-nav-link u-text-active-white u-text-body-alt-color u-text-hover-palette-1-base\" href=\"/About-Us.html\" data-page-id=\"360746\" style=\"padding: 10px 0px;\">About Us</a></li><li class=\"u-nav-item\"><a class=\"u-border-2 u-border-active-palette-1-base u-border-hover-palette-1-light-1 u-border-no-left u-border-no-right u-border-no-top u-button-style u-nav-link u-text-active-white u-text-body-alt-color u-text-hover-palette-1-base\" target=\"_blank\" style=\"padding: 10px 0px;\">Article</a></li><li class=\"u-nav-item\"><a class=\"u-border-2 u-border-active-palette-1-base u-border-hover-palette-1-light-1 u-border-no-left u-border-no-right u-border-no-top u-button-style u-nav-link u-text-active-white u-text-body-alt-color u-text-hover-palette-1-base\" style=\"padding: 10px 0px;\">One-Pager</a></li></ul>\n      </div>\n      <div class=\"u-custom-menu u-nav-container-collapse\">\n        <div class=\"u-black u-container-style u-inner-container-layout u-opacity u-opacity-95 u-sidenav u-block-73ed-14\">\n          <div class=\"u-sidenav-overflow\">\n            <div class=\"u-menu-close u-block-73ed-15\"></div>\n            <ul class=\"u-align-center u-nav u-popupmenu-items u-unstyled u-block-73ed-16\"><li class=\"u-nav-item\"><a class=\"u-button-style u-nav-link\" href=\"/Home.html\" data-page-id=\"353323\" style=\"padding: 10px 0px;\">Home</a><div class=\"fake u-hidden u-nav-popup\"><ul class=\"u-h-spacing-20 u-nav u-unstyled u-v-spacing-10 u-block-73ed-19\"><li class=\"u-nav-item\"><a class=\"u-button-style u-nav-link\" href=\"#\">Menu Item1</a></li><li class=\"u-nav-item\"><a class=\"u-button-style u-nav-link\" href=\"#\">Menu Item2</a></li><li class=\"u-nav-item\"><a class=\"u-button-style u-nav-link\" href=\"#\">Menu Item3</a></li></ul></div></li><li class=\"u-nav-item\"><a class=\"u-button-style u-nav-link\" href=\"/About-Us.html\" data-page-id=\"360746\" style=\"padding: 10px 0px;\">About Us</a></li><li class=\"u-nav-item\"><a class=\"u-button-style u-nav-link\" target=\"_blank\" style=\"padding: 10px 0px;\">Article</a></li><li class=\"u-nav-item\"><a class=\"u-button-style u-nav-link\" style=\"padding: 10px 0px;\">One-Pager</a></li></ul>\n          </div>\n        </div>\n        <div class=\"u-black u-menu-overlay u-opacity u-opacity-70\"></div>\n      </div>\n    </nav>\n  <style data-mode=\"XL\" data-visited=\"true\">@media (min-width: 1200px){ .u-block-73ed-1 {background-image: none; min-height: 104px}\n.u-block-73ed-8 {margin-top: -9px; margin-right: auto; margin-bottom: 0px; margin-left: 0px}\n.u-block-73ed-10 {max-width: 317.547px; max-height: 317.547px}\n.u-block-73ed-11 {margin-top: -62px; margin-right: calc((100% - 1140px) / 2 + 0px); margin-bottom: 33px; margin-left: auto}\n.u-block-73ed-17 {font-size: 1rem; letter-spacing: 0px}\n.u-block-73ed-18 {font-size: 1rem; letter-spacing: 0px}\n.u-block-73ed-16 {font-size: 1rem; letter-spacing: 0px}\n.u-block-73ed-19 {font-size: 1rem; letter-spacing: 0px} }</style>\n  <style data-mode=\"LG\">@media (max-width: 1199px) and (min-width: 992px){ .u-block-73ed-1 {background-image: none; min-height: 104px}\n.u-block-73ed-8 {margin-top: -9px; margin-right: auto; margin-bottom: 0px; margin-left: 0px; width: 64px; height: 32px}\n.u-block-73ed-10 {max-width: 317.547px; max-height: 317.547px}\n.u-block-73ed-11 {width: auto; margin-top: -62px; margin-right: calc(((100% - 940px) / 2) + 0px); margin-bottom: 33px; margin-left: auto}\n.u-block-73ed-17 {font-size: 1rem; letter-spacing: 0px}\n.u-block-73ed-18 {font-size: 1rem; letter-spacing: 0px}\n.u-block-73ed-16 {font-size: 1rem; letter-spacing: 0px}\n.u-block-73ed-19 {font-size: 1rem; letter-spacing: 0px} }</style>\n  <style data-mode=\"MD\">@media (max-width: 991px) and (min-width: 768px){ .u-block-73ed-1 {background-image: none; min-height: 104px}\n.u-block-73ed-8 {margin-top: -9px; margin-right: auto; margin-bottom: 0px; margin-left: 0px; width: 64px; height: 32px}\n.u-block-73ed-10 {max-width: 317.547px; max-height: 317.547px}\n.u-block-73ed-11 {width: auto; margin-top: -62px; margin-right: calc(((100% - 720px) / 2) + 0px); margin-bottom: 33px; margin-left: auto}\n.u-block-73ed-17 {font-size: 1rem; letter-spacing: 0px}\n.u-block-73ed-18 {font-size: 1rem; letter-spacing: 0px}\n.u-block-73ed-16 {font-size: 1rem; letter-spacing: 0px}\n.u-block-73ed-19 {font-size: 1rem; letter-spacing: 0px} }</style>\n  <style data-mode=\"SM\">@media (max-width: 767px) and (min-width: 576px){ .u-block-73ed-1 {background-image: none; min-height: 104px}\n.u-block-73ed-8 {width: auto; margin-top: -9px; margin-right: auto; margin-bottom: 0px; margin-left: 0px; height: 32px}\n.u-block-73ed-10 {max-width: 317.547px; max-height: 317.547px}\n.u-block-73ed-11 {width: auto; margin-top: -62px; margin-right: calc(((100% - 540px) / 2) + 0px); margin-bottom: 33px; margin-left: auto}\n.u-block-73ed-17 {font-size: 1rem; letter-spacing: 0px}\n.u-block-73ed-18 {font-size: 1rem; letter-spacing: 0px}\n.u-block-73ed-16 {font-size: 1rem; letter-spacing: 0px}\n.u-block-73ed-19 {font-size: 1rem; letter-spacing: 0px} }</style>\n  <style data-mode=\"XS\" data-visited=\"true\">@media (max-width: 575px){ .u-block-73ed-1 {background-image: none; min-height: 104px}\n.u-block-73ed-8 {width: auto; margin-top: -9px; margin-right: auto; margin-bottom: 0px; margin-left: 0px; height: 32px}\n.u-block-73ed-10 {max-width: 317.547px; max-height: 317.547px}\n.u-block-73ed-11 {width: auto; margin-top: -62px; margin-right: calc(((100% - 340px) / 2) + 0px); margin-bottom: 33px; margin-left: auto}\n.u-block-73ed-17 {font-size: 1rem; letter-spacing: 0px}\n.u-block-73ed-18 {font-size: 1rem; letter-spacing: 0px}\n.u-block-73ed-16 {font-size: 1rem; letter-spacing: 0px}\n.u-block-73ed-19 {font-size: 1rem; letter-spacing: 0px} }</style>\n</section>","footerHtml":"<section class=\"u-clearfix u-footer u-grey-80 u-block-5157-1\" custom-posts-hash=\"T\" data-style=\"footer-logo-social-icons-separator-text\" data-post-id=\"4280240395\" data-section-properties=\"{&quot;grid-spacing&quot;:&quot;30&quot;,&quot;spacingAdditional&quot;:&quot;none&quot;,&quot;align&quot;:&quot;center&quot;,&quot;stretch&quot;:true}\" data-id=\"5157\" id=\"sec-d28a\">\n  <div class=\"u-clearfix u-sheet u-block-5157-2\" data-read-aloud-multi-block=\"true\">\n    <a href=\"https://nicepage.com\" class=\"u-align-center u-image u-logo u-block-5157-3\" data-brightness=\"\" data-image-width=\"736\" data-image-height=\"240\">\n      <img src=\"np://user.desktop.nicepage.com/Site_353322/images/RibosomaLogo1.png\" class=\"u-logo-image u-block-5157-11\" data-image-width=\"335.387\">\n    </a>\n    \n    <div class=\"u-border-1 u-border-white u-expanded-width u-line u-line-horizontal u-opacity u-opacity-50 u-block-5157-9\"></div>\n    <p class=\"u-align-center u-text u-block-5157-10\">©2021 Copyright Ribosoma. All Rights Reserved.</p>\n  </div>\n  <style data-mode=\"XL\" data-visited=\"true\">@media (min-width: 1200px){ .u-block-5157-2 {min-height: 299px}\n.u-block-5157-3 {margin-top: 60px; margin-left: auto; margin-right: auto; margin-bottom: 0px}\n.u-block-5157-11 {max-width: 335.387px; max-height: 335.387px}\n.u-block-5157-9 {transform-origin: left center 0px; width: 1140px; margin-top: 0px; margin-right: auto; margin-bottom: 0px; margin-left: 0px}\n.u-block-5157-10 {width: 530px; margin-top: 30px; margin-left: auto; margin-right: auto; margin-bottom: 10px} }</style>\n  <style data-mode=\"LG\" data-visited=\"true\">@media (max-width: 1199px) and (min-width: 992px){ .u-block-5157-2 {min-height: 299px}\n.u-block-5157-3 {width: 65.965px; margin-top: 60px; margin-left: auto; margin-right: auto; margin-bottom: 0px; height: 26.087px}\n.u-block-5157-11 {max-width: 335.387px; max-height: 335.387px}\n.u-block-5157-9 {transform-origin: left center 0px; margin-top: 0px; margin-bottom: 0px}\n.u-block-5157-10 {width: 437.0176px; margin-top: 30px; margin-left: auto; margin-right: auto; margin-bottom: 10px} }</style>\n  <style data-mode=\"MD\" data-visited=\"true\">@media (max-width: 991px) and (min-width: 768px){ .u-block-5157-2 {min-height: 299px}\n.u-block-5157-3 {width: 50.5264px; margin-top: 60px; margin-left: auto; margin-right: auto; margin-bottom: 0px; height: 26.087px}\n.u-block-5157-11 {max-width: 335.387px; max-height: 335.387px}\n.u-block-5157-9 {transform-origin: left center 0px; margin-top: 0px; margin-bottom: 0px}\n.u-block-5157-10 {width: 334.737px; margin-top: 30px; margin-left: auto; margin-right: auto; margin-bottom: 10px} }</style>\n  <style data-mode=\"SM\" data-visited=\"true\">@media (max-width: 767px) and (min-width: 576px){ .u-block-5157-2 {min-height: 299px}\n.u-block-5157-3 {width: 47.3685px; margin-top: 60px; margin-left: auto; margin-right: auto; margin-bottom: 0px; height: 26.087px}\n.u-block-5157-11 {max-width: 335.387px; max-height: 335.387px}\n.u-block-5157-9 {transform-origin: left center 0px; margin-top: 0px; margin-bottom: 0px}\n.u-block-5157-10 {width: 313.816px; margin-top: 30px; margin-left: auto; margin-right: auto; margin-bottom: 10px} }</style>\n  <style data-mode=\"XS\" data-visited=\"true\">@media (max-width: 575px){ .u-block-5157-2 {min-height: 299px}\n.u-block-5157-3 {width: 39.766px; margin-top: 60px; margin-left: auto; margin-right: auto; margin-bottom: 0px; height: 26.087px}\n.u-block-5157-11 {max-width: 335.387px; max-height: 335.387px}\n.u-block-5157-9 {transform-origin: left center 0px; margin-top: 0px; margin-bottom: 0px}\n.u-block-5157-10 {width: 263.45px; margin-top: 30px; margin-left: auto; margin-right: auto; margin-bottom: 10px} }</style>\n</section>","hideBacklink":null,"homePageId":353323,"dateUpdated":1619756291483,"settings":"{\"id\":353322,\"colorScheme\":{\"bodyColors\":[\"#111111\",\"#ffffff\"],\"bgColor\":\"#56779c\",\"colors\":[\"#afede2\",\"#65bfaf\",\"#4da1be\",\"#56779c\",\"#40668f\"],\"shadingContrast\":\"body-alt-color\",\"whiteContrast\":\"body-color\",\"bgContrast\":\"body-alt-color\",\"name\":\"u11\"},\"fontScheme\":{\"name\":\"custom-font-family-2\",\"default\":true,\"fonts\":{\"heading\":\"Montserrat\",\"text\":\"Montserrat\",\"accent\":\"Arial, sans-serif\",\"headingTitle\":\"Montserrat\",\"textTitle\":\"Montserrat\"}},\"typography\":{\"name\":\"custom-page-typography-10\",\"title\":{\"font-weight\":\"400\",\"font-size\":3.736842105263158,\"line-height\":\"1_1\",\"margin-top\":20,\"margin-bottom\":20,\"SM\":{\"font-size\":3.75},\"XS\":{\"font-size\":3}},\"subtitle\":{\"font-weight\":\"400\",\"font-size\":2.263157894736842,\"line-height\":\"1_1\",\"margin-top\":20,\"margin-bottom\":20,\"XS\":{\"font-size\":1.5}},\"h1\":{\"font-weight\":\"400\",\"font-size\":4.5263157894736841,\"line-height\":\"1_1\",\"margin-top\":20,\"margin-bottom\":20,\"XS\":{\"font-size\":2.25}},\"h2\":{\"font-size\":3,\"line-height\":\"1_1\",\"margin-top\":20,\"margin-bottom\":20,\"XS\":{\"font-size\":1.5},\"font-style\":\"\",\"text-decoration\":\"\",\"text-transform\":\"uppercase\",\"letter-spacing\":\"\",\"text-color\":\"palette-2-base\",\"border-color\":\"\",\"border-style\":\"\",\"color\":\"\",\"border\":\"\",\"button-shape\":\"\",\"border-radius\":\"\",\"underline\":\"\",\"gradient\":\"\",\"list-icon-src\":\"\",\"list-icon-spacing\":\"0.3\",\"list-icon-size\":\"0.8\",\"font\":\"Playfair Display, serif\",\"font-weight\":700},\"h3\":{\"font-weight\":\"400\",\"font-size\":2.263157894736842,\"line-height\":\"1_2\",\"margin-top\":20,\"margin-bottom\":20,\"XS\":{\"font-size\":1.5}},\"h4\":{\"font-size\":1.8947368421052631,\"line-height\":0.8,\"margin-top\":20,\"margin-bottom\":20,\"font-weight\":\"400\",\"font-style\":\"\",\"text-decoration\":\"\",\"text-transform\":\"\",\"letter-spacing\":\"\",\"text-color\":\"grey-5\",\"border-color\":\"\",\"border-style\":\"\",\"color\":\"\",\"border\":\"\",\"button-shape\":\"\",\"border-radius\":\"\",\"underline\":\"\",\"gradient\":\"\",\"list-icon-src\":\"\",\"list-icon-spacing\":\"0.3\",\"list-icon-size\":\"0.8\",\"font\":\"Playfair Display, serif\"},\"h5\":{\"font-weight\":\"400\",\"font-size\":1.263157894736842,\"line-height\":\"1_2\",\"margin-top\":20,\"margin-bottom\":20},\"h6\":{\"font-size\":0.89473684210526316,\"line-height\":\"1_2\",\"margin-top\":20,\"margin-bottom\":20,\"font-weight\":300,\"font-style\":\"\",\"text-decoration\":\"\",\"text-transform\":\"uppercase\",\"letter-spacing\":4,\"text-color\":\"\",\"border-color\":\"\",\"border-style\":\"\",\"color\":\"\",\"border\":\"\",\"button-shape\":\"\",\"border-radius\":\"\",\"underline\":\"\",\"gradient\":\"\",\"list-icon-src\":\"\",\"list-icon-spacing\":\"0.3\",\"list-icon-size\":\"0.8\",\"font\":\"\"},\"largeText\":{\"font-size\":1.105263157894737,\"margin-top\":20,\"margin-bottom\":20},\"smallText\":{\"font-size\":0.631578947368421,\"margin-top\":20,\"margin-bottom\":20},\"text\":{\"margin-top\":20,\"margin-bottom\":20,\"font-size\":0,\"font-weight\":\"\",\"font-style\":\"\",\"text-decoration\":\"\",\"text-transform\":\"\",\"line-height\":1.6,\"letter-spacing\":\"\",\"text-color\":\"grey-40\",\"border-color\":\"\",\"border-style\":\"\",\"color\":\"\",\"border\":\"\",\"button-shape\":\"\",\"border-radius\":\"\",\"underline\":\"\",\"gradient\":\"\",\"list-icon-src\":\"\",\"list-icon-spacing\":\"0.3\",\"list-icon-size\":\"0.8\",\"font\":\"\"},\"hyperlink\":{\"text-color\":\"palette-1-base\"},\"link\":{},\"button\":{\"color\":\"palette-1-base\",\"margin-top\":20,\"margin-bottom\":20},\"blockquote\":{\"font-style\":\"italic\",\"indent\":20,\"border\":4,\"border-color\":\"palette-1-base\",\"margin-top\":20,\"margin-bottom\":20},\"metadata\":{\"margin-top\":20,\"margin-bottom\":20},\"list\":{\"margin-top\":20,\"margin-bottom\":20},\"orderedlist\":{\"margin-top\":20,\"margin-bottom\":20},\"postContent\":{\"margin-top\":20,\"margin-bottom\":20},\"theme\":{\"gradient\":\"\",\"image\":\"\",\"background-image\":\"linear-gradient(var(--palette-5-light-2), var(--grey-75))\",\"background-attachment\":\"fixed\"},\"htmlBaseSize\":19},\"backToTop\":\"<span style=\\\"height: 64px; width: 64px; margin-left: 0px; margin-right: auto; margin-top: 0px; background-image: linear-gradient(var(--grey-40), var(--palette-5-light-2)); right: 20px; bottom: 20px;\\\" class=\\\"u-back-to-top u-gradient u-icon u-icon-circle u-opacity u-opacity-80 u-spacing-15\\\" data-href=\\\"#\\\">\\n        <svg class=\\\"u-svg-link\\\" preserveAspectRatio=\\\"xMidYMin slice\\\" viewBox=\\\"0 0 551.13 551.13\\\">\\n            <use xmlns:xlink=\\\"http://www.w3.org/1999/xlink\\\" xlink:href=\\\"#svg-1d98\\\" class=\\\"\\\"></use>\\n        </svg>\\n        <svg class=\\\"u-svg-content\\\" enable-background=\\\"new 0 0 551.13 551.13\\\" viewBox=\\\"0 0 551.13 551.13\\\" xmlns=\\\"http://www.w3.org/2000/svg\\\" id=\\\"svg-1d98\\\">\\n            <path d=\\\"m275.565 189.451 223.897 223.897h51.668l-275.565-275.565-275.565 275.565h51.668z\\\" class=\\\"\\\"></path>\\n        </svg>\\n    </span>\",\"cookiesSection\":\"<section class=\\\"u-align-center u-block-84bd-1 u-clearfix u-cookies-consent u-grey-80\\\" custom-posts-hash=\\\"T\\\" style=\\\"background-image: none\\\" data-post-id=\\\"1\\\" data-section-properties=\\\"{&quot;stretch&quot;:true}\\\" data-id=\\\"84bd\\\" data-posts-content=\\\"[{'images':[],'maps':[],'videos':[],'icons':[],'textWidth':874,'textHeight':152,'id':1,'headingProp':'h3','textProp':'text'}]\\\" data-style=\\\"cookie-1\\\" id=\\\"sec-86a5\\\" data-source=\\\"\\\">\\n  <div class=\\\"u-block-84bd-2 u-clearfix u-sheet u-valign-middle\\\" style=\\\"min-height: 212px\\\" data-height-lg=\\\"158\\\" data-height-md=\\\"131\\\" data-height-sm=\\\"106\\\" data-height-xs=\\\"225\\\">\\n    <div class=\\\"u-block-84bd-7 u-clearfix u-expanded-width u-layout-wrap\\\" style=\\\"margin-top: 30px; margin-bottom: 30px\\\">\\n      <div class=\\\"u-gutter-0 u-layout\\\">\\n        <div class=\\\"u-layout-row\\\">\\n          <div class=\\\"u-block-84bd-8 u-container-style u-layout-cell u-left-cell u-size-43-md u-size-43-sm u-size-43-xs u-size-46-lg u-size-46-xl\\\" style=\\\"min-height: 152px\\\">\\n            <div class=\\\"u-block-84bd-9 u-container-layout u-valign-middle\\\" style=\\\"padding-top: 30px; padding-bottom: 30px; padding-left: 60px; padding-right: 60px\\\">\\n              <h3 class=\\\"u-block-84bd-6 u-text\\\" style=\\\"margin-top: 11.5px; margin-right: 516px; margin-bottom: 0px; margin-left: 0px\\\">Cookies &amp; Privacy</h3>\\n              <p class=\\\"u-block-84bd-5 u-text\\\" style=\\\"margin-top: 8px; margin-right: 158px; margin-bottom: 0px; margin-left: 0px\\\">This website uses cookies to ensure you get the best experience on our website.</p>\\n            </div>\\n          </div>\\n          <div class=\\\"u-align-left u-block-84bd-10 u-container-style u-layout-cell u-right-cell u-size-14-lg u-size-14-xl u-size-17-md u-size-17-sm u-size-17-xs\\\" style=\\\"min-height: 152px\\\">\\n            <div class=\\\"u-block-84bd-11 u-container-layout u-valign-middle-lg u-valign-middle-md u-valign-middle-xl u-valign-top-sm u-valign-top-xs\\\" style=\\\"padding-top: 30px; padding-bottom: 30px; padding-left: 30px; padding-right: 30px\\\">\\n              <a href=\\\"###\\\" class=\\\"u-block-84bd-3 u-btn u-button-confirm u-button-style u-palette-1-base\\\" style=\\\"margin-top: 0px; margin-right: auto; margin-bottom: 0px; margin-left: 0px\\\">Confirm</a>\\n            </div>\\n          </div>\\n        </div>\\n      </div>\\n    </div>\\n  </div>\\n  <style data-mode=\\\"XL\\\" data-visited=\\\"true\\\">@media (max-width: 0px) { .u-block-84bd-1 {background-image: none}\\n.u-block-84bd-2 {min-height: 212px}\\n.u-block-84bd-7 {margin-top: 30px; margin-bottom: 30px}\\n.u-block-84bd-8 {min-height: 152px}\\n.u-block-84bd-9 {padding-top: 30px; padding-bottom: 30px; padding-left: 60px; padding-right: 60px}\\n.u-block-84bd-6 {margin-top: 11.5px; margin-right: 516px; margin-bottom: 0px; margin-left: 0px}\\n.u-block-84bd-5 {margin-top: 8px; margin-right: 158px; margin-bottom: 0px; margin-left: 0px}\\n.u-block-84bd-10 {min-height: 152px}\\n.u-block-84bd-11 {padding-top: 30px; padding-bottom: 30px; padding-left: 30px; padding-right: 30px}\\n.u-block-84bd-3 {margin-top: 0px; margin-right: auto; margin-bottom: 0px; margin-left: 0px} }</style>\\n  <style data-mode=\\\"LG\\\">@media (max-width: 0px) { .u-block-84bd-1 {background-image: none}\\n.u-block-84bd-2 {min-height: 131px}\\n.u-block-84bd-7 {margin-top: 30px; margin-bottom: 30px}\\n.u-block-84bd-8 {min-height: 125px}\\n.u-block-84bd-9 {padding-top: 30px; padding-bottom: 30px; padding-left: 60px; padding-right: 60px}\\n.u-block-84bd-6 {margin-top: 11.5px; margin-right: 363px; margin-bottom: 0px; margin-left: 0px}\\n.u-block-84bd-5 {margin-top: 8px; margin-right: 5px; margin-bottom: 0px; margin-left: 0px}\\n.u-block-84bd-10 {min-height: 125px}\\n.u-block-84bd-11 {padding-top: 30px; padding-bottom: 30px; padding-left: 30px; padding-right: 30px}\\n.u-block-84bd-3 {margin-top: 0px; margin-right: auto; margin-bottom: 0px; margin-left: 0px} }</style>\\n  <style data-mode=\\\"MD\\\" data-visited=\\\"true\\\">@media (max-width: 0px) { .u-block-84bd-1 {background-image: none}\\n.u-block-84bd-2 {min-height: 106px}\\n.u-block-84bd-7 {margin-top: 30px; margin-bottom: 30px}\\n.u-block-84bd-8 {min-height: 100px}\\n.u-block-84bd-9 {padding-top: 30px; padding-bottom: 30px; padding-left: 30px; padding-right: 30px}\\n.u-block-84bd-6 {margin-top: 11.5px; margin-right: 218px; margin-bottom: 0px; margin-left: 0px}\\n.u-block-84bd-5 {margin-top: 8px; margin-right: 0px; margin-bottom: 0px; margin-left: 0px}\\n.u-block-84bd-10 {min-height: 100px}\\n.u-block-84bd-11 {padding-top: 30px; padding-bottom: 30px; padding-left: 30px; padding-right: 30px}\\n.u-block-84bd-3 {margin-top: 0px; margin-right: auto; margin-bottom: 0px; margin-left: 0px} }</style>\\n  <style data-mode=\\\"SM\\\" data-visited=\\\"true\\\">@media (max-width: 0px) { .u-block-84bd-1 {background-image: none}\\n.u-block-84bd-2 {min-height: 225px}\\n.u-block-84bd-7 {margin-top: 30px; margin-bottom: 30px}\\n.u-block-84bd-8 {min-height: 154px}\\n.u-block-84bd-9 {padding-top: 30px; padding-left: 10px; padding-right: 10px; padding-bottom: 20px}\\n.u-block-84bd-6 {margin-top: 11.5px; margin-right: 218px; margin-bottom: 0px; margin-left: 0px}\\n.u-block-84bd-5 {margin-top: 8px; margin-right: 0px; margin-bottom: 0px; margin-left: 0px}\\n.u-block-84bd-10 {min-height: 65px}\\n.u-block-84bd-11 {padding-top: 10px; padding-bottom: 10px; padding-left: 10px; padding-right: 10px}\\n.u-block-84bd-3 {margin-top: 0px; margin-right: auto; margin-bottom: 0px; margin-left: 0px} }</style>\\n  <style data-mode=\\\"XS\\\" data-visited=\\\"true\\\">@media (max-width: 0px) { .u-block-84bd-1 {background-image: none}\\n.u-block-84bd-2 {min-height: 121px}\\n.u-block-84bd-7 {margin-top: 30px; margin-bottom: 30px}\\n.u-block-84bd-8 {min-height: 100px}\\n.u-block-84bd-9 {padding-top: 30px; padding-bottom: 20px; padding-left: 10px; padding-right: 10px}\\n.u-block-84bd-6 {margin-top: 11.5px; margin-right: 18px; margin-bottom: 0px; margin-left: 0px}\\n.u-block-84bd-5 {margin-top: 8px; margin-right: 0px; margin-bottom: 0px; margin-left: 0px}\\n.u-block-84bd-10 {min-height: 15px}\\n.u-block-84bd-11 {padding-top: 10px; padding-bottom: 10px; padding-left: 10px; padding-right: 10px}\\n.u-block-84bd-3 {margin-top: 0px; margin-right: auto; margin-bottom: 0px; margin-left: 0px} }</style>\\n</section>\",\"themeBackLinks\":\"\",\"blog\":\"{\\\"posts\\\":{\\\"items\\\":[]}}\",\"publishNicePageCss\":null,\"cookiesConsent\":{\"publishCookiesSection\":\"<section class=\\\"u-align-center u-clearfix u-cookies-consent u-grey-80 u-cookies-consent\\\" id=\\\"sec-86a5\\\">\\n      <div class=\\\"u-clearfix u-sheet u-valign-middle u-sheet-1\\\">\\n        <div class=\\\"u-clearfix u-expanded-width u-layout-wrap u-layout-wrap-1\\\">\\n          <div class=\\\"u-gutter-0 u-layout\\\">\\n            <div class=\\\"u-layout-row\\\">\\n              <div class=\\\"u-container-style u-layout-cell u-left-cell u-size-43-md u-size-43-sm u-size-43-xs u-size-46-lg u-size-46-xl u-layout-cell-1\\\">\\n                <div class=\\\"u-container-layout u-valign-middle u-container-layout-1\\\">\\n                  <h3 class=\\\"u-text u-text-1\\\">Cookies &amp; Privacy</h3>\\n                  <p class=\\\"u-text u-text-2\\\">This website uses cookies to ensure you get the best experience on our website.</p>\\n                </div>\\n              </div>\\n              <div class=\\\"u-align-left u-container-style u-layout-cell u-right-cell u-size-14-lg u-size-14-xl u-size-17-md u-size-17-sm u-size-17-xs u-layout-cell-2\\\">\\n                <div class=\\\"u-container-layout u-valign-middle-lg u-valign-middle-md u-valign-middle-xl u-valign-top-sm u-valign-top-xs u-container-layout-2\\\">\\n                  <a href=\\\"###\\\" class=\\\"u-btn u-button-confirm u-button-style u-palette-1-base u-btn-1\\\">Confirm</a>\\n                </div>\\n              </div>\\n            </div>\\n          </div>\\n        </div>\\n      </div>\\n    <style>.u-cookies-consent {\\n  background-image: none;\\n}\\n\\n.u-cookies-consent .u-sheet-1 {\\n  min-height: 212px;\\n}\\n\\n.u-cookies-consent .u-layout-wrap-1 {\\n  margin-top: 30px;\\n  margin-bottom: 30px;\\n}\\n\\n.u-cookies-consent .u-layout-cell-1 {\\n  min-height: 152px;\\n}\\n\\n.u-cookies-consent .u-container-layout-1 {\\n  padding: 30px 60px;\\n}\\n\\n.u-cookies-consent .u-text-1 {\\n  margin: 12px 516px 0 0;\\n}\\n\\n.u-cookies-consent .u-text-2 {\\n  margin: 8px 158px 0 0;\\n}\\n\\n.u-cookies-consent .u-layout-cell-2 {\\n  min-height: 152px;\\n}\\n\\n.u-cookies-consent .u-container-layout-2 {\\n  padding: 30px;\\n}\\n\\n.u-cookies-consent .u-btn-1 {\\n  margin: 0 auto 0 0;\\n}\\n\\n@media (max-width: 1199px) {\\n  .u-cookies-consent .u-sheet-1 {\\n    min-height: 131px;\\n  }\\n\\n  .u-cookies-consent .u-layout-cell-1 {\\n    min-height: 125px;\\n  }\\n\\n  .u-cookies-consent .u-text-1 {\\n    margin-right: 363px;\\n  }\\n\\n  .u-cookies-consent .u-text-2 {\\n    margin-right: 5px;\\n  }\\n\\n  .u-cookies-consent .u-layout-cell-2 {\\n    min-height: 125px;\\n  }\\n}\\n\\n@media (max-width: 991px) {\\n  .u-cookies-consent .u-sheet-1 {\\n    min-height: 106px;\\n  }\\n\\n  .u-cookies-consent .u-layout-cell-1 {\\n    min-height: 100px;\\n  }\\n\\n  .u-cookies-consent .u-container-layout-1 {\\n    padding-left: 30px;\\n    padding-right: 30px;\\n  }\\n\\n  .u-cookies-consent .u-text-1 {\\n    margin-right: 218px;\\n  }\\n\\n  .u-cookies-consent .u-text-2 {\\n    margin-right: 0;\\n  }\\n\\n  .u-cookies-consent .u-layout-cell-2 {\\n    min-height: 100px;\\n  }\\n}\\n\\n@media (max-width: 767px) {\\n  .u-cookies-consent .u-sheet-1 {\\n    min-height: 225px;\\n  }\\n\\n  .u-cookies-consent .u-layout-cell-1 {\\n    min-height: 154px;\\n  }\\n\\n  .u-cookies-consent .u-container-layout-1 {\\n    padding-left: 10px;\\n    padding-right: 10px;\\n    padding-bottom: 20px;\\n  }\\n\\n  .u-cookies-consent .u-layout-cell-2 {\\n    min-height: 65px;\\n  }\\n\\n  .u-cookies-consent .u-container-layout-2 {\\n    padding: 10px;\\n  }\\n}\\n\\n@media (max-width: 575px) {\\n  .u-cookies-consent .u-sheet-1 {\\n    min-height: 121px;\\n  }\\n\\n  .u-cookies-consent .u-layout-cell-1 {\\n    min-height: 100px;\\n  }\\n\\n  .u-cookies-consent .u-text-1 {\\n    margin-right: 18px;\\n  }\\n\\n  .u-cookies-consent .u-layout-cell-2 {\\n    min-height: 15px;\\n  }\\n}</style></section>\",\"hideCookies\":true,\"cookieConfirmCode\":\"\"},\"title\":\"mrna\",\"homePageId\":353323,\"description\":\"\",\"keywords\":\"\",\"analytics\":\"\",\"googleTagManager\":\"\",\"googleOptimizeId\":\"\",\"captchaSiteKey\":\"\",\"captchaSecretKey\":\"\",\"metaTags\":\"\",\"headHtml\":\"\",\"customCss\":\"\",\"themeGenerator\":\"\",\"domain\":\"\",\"showBrand\":\"false\",\"favicon\":\"favicon.png\",\"whiteLabelLogoSmall\":\"\",\"whiteLabelLogoBig\":\"\",\"themeThumbnail\":\"\",\"cookies\":\"false\",\"cookieConfirmCode\":\"\",\"embedFonts\":\"false\",\"lazyLoading\":\"false\",\"lang\":\"en\",\"country\":\"CA\",\"clientMode\":\"false\",\"analyticsCode\":\"\",\"captchaScript\":\"\"}","dialog":null,"title":"mrna","siteStyleCss":"<style id=\"color-scheme\" color-scheme=\"u11\" color-style=\"multicolor-1\">.u-body {\n--none: transparent;\n--none-darker: transparent;\n--none-r: 255;\n--none-g: 255;\n--none-b: 255;\n--none-contrast: body-color;\n--none-contrast-darker: body-color;\n--none-text-color: var(--body-color);\n--body-color: #111111;\n--body-color-darker: #0f0f0f;\n--body-color-r: 17;\n--body-color-g: 17;\n--body-color-b: 17;\n--body-color-contrast: white;\n--body-color-contrast-darker: white;\n--body-color-text-color: var(--body-alt-color);\n--body-alt-color: #ffffff;\n--body-alt-color-darker: #e6e6e6;\n--body-alt-color-r: 255;\n--body-alt-color-g: 255;\n--body-alt-color-b: 255;\n--body-alt-color-contrast: black;\n--body-alt-color-contrast-darker: black;\n--body-alt-color-text-color: var(--body-color);\n--bg-color: #56779c;\n--bg-color-darker: #4d6b8c;\n--bg-color-r: 86;\n--bg-color-g: 119;\n--bg-color-b: 156;\n--bg-color-contrast: white;\n--bg-color-contrast-darker: white;\n--bg-color-text-color: var(--body-color);\n--palette-1-base: #afede2;\n--palette-1-base-darker: #8de5d6;\n--palette-1-base-r: 175;\n--palette-1-base-g: 237;\n--palette-1-base-b: 226;\n--palette-1-base-contrast: black;\n--palette-1-base-contrast-darker: black;\n--palette-1-base-text-color: var(--body-color);\n--palette-1-dark-3: #293331;\n--palette-1-dark-3-darker: #252e2c;\n--palette-1-dark-3-r: 41;\n--palette-1-dark-3-g: 51;\n--palette-1-dark-3-b: 49;\n--palette-1-dark-3-contrast: white;\n--palette-1-dark-3-contrast-darker: white;\n--palette-1-dark-3-text-color: var(--body-alt-color);\n--palette-1-dark-2: #4b635f;\n--palette-1-dark-2-darker: #445956;\n--palette-1-dark-2-r: 75;\n--palette-1-dark-2-g: 99;\n--palette-1-dark-2-b: 95;\n--palette-1-dark-2-contrast: white;\n--palette-1-dark-2-contrast-darker: white;\n--palette-1-dark-2-text-color: var(--body-alt-color);\n--palette-1-dark-1: #69938b;\n--palette-1-dark-1-darker: #5f847d;\n--palette-1-dark-1-r: 105;\n--palette-1-dark-1-g: 147;\n--palette-1-dark-1-b: 139;\n--palette-1-dark-1-contrast: white;\n--palette-1-dark-1-contrast-darker: white;\n--palette-1-dark-1-text-color: var(--body-alt-color);\n--palette-1: #84c2b7;\n--palette-1-darker: #6eb7aa;\n--palette-1-r: 132;\n--palette-1-g: 194;\n--palette-1-b: 183;\n--palette-1-contrast: white;\n--palette-1-contrast-darker: white;\n--palette-1-text-color: var(--body-alt-color);\n--palette-1-light-1: #afede2;\n--palette-1-light-1-darker: #8de5d6;\n--palette-1-light-1-r: 175;\n--palette-1-light-1-g: 237;\n--palette-1-light-1-b: 226;\n--palette-1-light-1-contrast: black;\n--palette-1-light-1-contrast-darker: black;\n--palette-1-light-1-text-color: var(--body-color);\n--palette-1-light-2: #d2f5ef;\n--palette-1-light-2-darker: #adede2;\n--palette-1-light-2-r: 210;\n--palette-1-light-2-g: 245;\n--palette-1-light-2-b: 239;\n--palette-1-light-2-contrast: black;\n--palette-1-light-2-contrast-darker: black;\n--palette-1-light-2-text-color: var(--body-color);\n--palette-1-light-3: #f7fdfc;\n--palette-1-light-3-darker: #cff3ed;\n--palette-1-light-3-r: 247;\n--palette-1-light-3-g: 253;\n--palette-1-light-3-b: 252;\n--palette-1-light-3-contrast: black;\n--palette-1-light-3-contrast-darker: black;\n--palette-1-light-3-text-color: var(--body-color);\n--palette-2-base: #65bfaf;\n--palette-2-base-darker: #50b6a4;\n--palette-2-base-r: 101;\n--palette-2-base-g: 191;\n--palette-2-base-b: 175;\n--palette-2-base-contrast: white;\n--palette-2-base-contrast-darker: white;\n--palette-2-base-text-color: var(--body-alt-color);\n--palette-2-dark-3: #293331;\n--palette-2-dark-3-darker: #252e2c;\n--palette-2-dark-3-r: 41;\n--palette-2-dark-3-g: 51;\n--palette-2-dark-3-b: 49;\n--palette-2-dark-3-contrast: white;\n--palette-2-dark-3-contrast-darker: white;\n--palette-2-dark-3-text-color: var(--body-alt-color);\n--palette-2-dark-2: #45625d;\n--palette-2-dark-2-darker: #3e5854;\n--palette-2-dark-2-r: 69;\n--palette-2-dark-2-g: 98;\n--palette-2-dark-2-b: 93;\n--palette-2-dark-2-contrast: white;\n--palette-2-dark-2-contrast-darker: white;\n--palette-2-dark-2-text-color: var(--body-alt-color);\n--palette-2-dark-1: #599087;\n--palette-2-dark-1-darker: #50827a;\n--palette-2-dark-1-r: 89;\n--palette-2-dark-1-g: 144;\n--palette-2-dark-1-b: 135;\n--palette-2-dark-1-contrast: white;\n--palette-2-dark-1-contrast-darker: white;\n--palette-2-dark-1-text-color: var(--body-alt-color);\n--palette-2: #65bfaf;\n--palette-2-darker: #50b6a4;\n--palette-2-r: 101;\n--palette-2-g: 191;\n--palette-2-b: 175;\n--palette-2-contrast: white;\n--palette-2-contrast-darker: white;\n--palette-2-text-color: var(--body-alt-color);\n--palette-2-light-1: #8dd2c6;\n--palette-2-light-1-darker: #74c8b9;\n--palette-2-light-1-r: 141;\n--palette-2-light-1-g: 210;\n--palette-2-light-1-b: 198;\n--palette-2-light-1-contrast: black;\n--palette-2-light-1-contrast-darker: white;\n--palette-2-light-1-text-color: var(--body-color);\n--palette-2-light-2: #bae5de;\n--palette-2-light-2-darker: #9cdad0;\n--palette-2-light-2-r: 186;\n--palette-2-light-2-g: 229;\n--palette-2-light-2-b: 222;\n--palette-2-light-2-contrast: black;\n--palette-2-light-2-contrast-darker: black;\n--palette-2-light-2-text-color: var(--body-color);\n--palette-2-light-3: #edf9f7;\n--palette-2-light-3-darker: #c9ede7;\n--palette-2-light-3-r: 237;\n--palette-2-light-3-g: 249;\n--palette-2-light-3-b: 247;\n--palette-2-light-3-contrast: black;\n--palette-2-light-3-contrast-darker: black;\n--palette-2-light-3-text-color: var(--body-color);\n--palette-3-base: #4da1be;\n--palette-3-base-darker: #4093b0;\n--palette-3-base-r: 77;\n--palette-3-base-g: 161;\n--palette-3-base-b: 190;\n--palette-3-base-contrast: white;\n--palette-3-base-contrast-darker: white;\n--palette-3-base-text-color: var(--body-alt-color);\n--palette-3-dark-3: #293033;\n--palette-3-dark-3-darker: #252b2e;\n--palette-3-dark-3-r: 41;\n--palette-3-dark-3-g: 48;\n--palette-3-dark-3-b: 51;\n--palette-3-dark-3-contrast: white;\n--palette-3-dark-3-contrast-darker: white;\n--palette-3-dark-3-text-color: var(--body-alt-color);\n--palette-3-dark-2: #496c79;\n--palette-3-dark-2-darker: #42616d;\n--palette-3-dark-2-r: 73;\n--palette-3-dark-2-g: 108;\n--palette-3-dark-2-b: 121;\n--palette-3-dark-2-contrast: white;\n--palette-3-dark-2-contrast-darker: white;\n--palette-3-dark-2-text-color: var(--body-alt-color);\n--palette-3-dark-1: #4da1be;\n--palette-3-dark-1-darker: #4093b0;\n--palette-3-dark-1-r: 77;\n--palette-3-dark-1-g: 161;\n--palette-3-dark-1-b: 190;\n--palette-3-dark-1-contrast: white;\n--palette-3-dark-1-contrast-darker: white;\n--palette-3-dark-1-text-color: var(--body-alt-color);\n--palette-3: #5fb9d8;\n--palette-3-darker: #46aed2;\n--palette-3-r: 95;\n--palette-3-g: 185;\n--palette-3-b: 216;\n--palette-3-contrast: white;\n--palette-3-contrast-darker: white;\n--palette-3-text-color: var(--body-alt-color);\n--palette-3-light-1: #8acde3;\n--palette-3-light-1-darker: #6dc0dc;\n--palette-3-light-1-r: 138;\n--palette-3-light-1-g: 205;\n--palette-3-light-1-b: 227;\n--palette-3-light-1-contrast: black;\n--palette-3-light-1-contrast-darker: white;\n--palette-3-light-1-text-color: var(--body-color);\n--palette-3-light-2: #bae2ef;\n--palette-3-light-2-darker: #97d3e7;\n--palette-3-light-2-r: 186;\n--palette-3-light-2-g: 226;\n--palette-3-light-2-b: 239;\n--palette-3-light-2-contrast: black;\n--palette-3-light-2-contrast-darker: black;\n--palette-3-light-2-text-color: var(--body-color);\n--palette-3-light-3: #edf7fb;\n--palette-3-light-3-darker: #c5e5f2;\n--palette-3-light-3-r: 237;\n--palette-3-light-3-g: 247;\n--palette-3-light-3-b: 251;\n--palette-3-light-3-contrast: black;\n--palette-3-light-3-contrast-darker: black;\n--palette-3-light-3-text-color: var(--body-color);\n--palette-4-base: #56779c;\n--palette-4-base-darker: #4d6b8c;\n--palette-4-base-r: 86;\n--palette-4-base-g: 119;\n--palette-4-base-b: 156;\n--palette-4-base-contrast: white;\n--palette-4-base-contrast-darker: white;\n--palette-4-base-text-color: var(--body-alt-color);\n--palette-4-dark-3: #292e33;\n--palette-4-dark-3-darker: #25292e;\n--palette-4-dark-3-r: 41;\n--palette-4-dark-3-g: 46;\n--palette-4-dark-3-b: 51;\n--palette-4-dark-3-contrast: white;\n--palette-4-dark-3-contrast-darker: white;\n--palette-4-dark-3-text-color: var(--body-alt-color);\n--palette-4-dark-2: #465668;\n--palette-4-dark-2-darker: #3f4d5e;\n--palette-4-dark-2-r: 70;\n--palette-4-dark-2-g: 86;\n--palette-4-dark-2-b: 104;\n--palette-4-dark-2-contrast: white;\n--palette-4-dark-2-contrast-darker: white;\n--palette-4-dark-2-text-color: var(--body-alt-color);\n--palette-4-dark-1: #56779c;\n--palette-4-dark-1-darker: #4d6b8c;\n--palette-4-dark-1-r: 86;\n--palette-4-dark-1-g: 119;\n--palette-4-dark-1-b: 156;\n--palette-4-dark-1-contrast: white;\n--palette-4-dark-1-contrast-darker: white;\n--palette-4-dark-1-text-color: var(--body-alt-color);\n--palette-4: #7b9fc8;\n--palette-4-darker: #648ebf;\n--palette-4-r: 123;\n--palette-4-g: 159;\n--palette-4-b: 200;\n--palette-4-contrast: white;\n--palette-4-contrast-darker: white;\n--palette-4-text-color: var(--body-alt-color);\n--palette-4-light-1: #9ebad9;\n--palette-4-light-1-darker: #83a7ce;\n--palette-4-light-1-r: 158;\n--palette-4-light-1-g: 186;\n--palette-4-light-1-b: 217;\n--palette-4-light-1-contrast: white;\n--palette-4-light-1-contrast-darker: white;\n--palette-4-light-1-text-color: var(--body-alt-color);\n--palette-4-light-2: #c5d6e9;\n--palette-4-light-2-darker: #a6c0dd;\n--palette-4-light-2-r: 197;\n--palette-4-light-2-g: 214;\n--palette-4-light-2-b: 233;\n--palette-4-light-2-contrast: black;\n--palette-4-light-2-contrast-darker: black;\n--palette-4-light-2-text-color: var(--body-color);\n--palette-4-light-3: #f0f4fa;\n--palette-4-light-3-darker: #cbd9ee;\n--palette-4-light-3-r: 240;\n--palette-4-light-3-g: 244;\n--palette-4-light-3-b: 250;\n--palette-4-light-3-contrast: black;\n--palette-4-light-3-contrast-darker: black;\n--palette-4-light-3-text-color: var(--body-color);\n--palette-5-base: #40668f;\n--palette-5-base-darker: #3a5c81;\n--palette-5-base-r: 64;\n--palette-5-base-g: 102;\n--palette-5-base-b: 143;\n--palette-5-base-contrast: white;\n--palette-5-base-contrast-darker: white;\n--palette-5-base-text-color: var(--body-alt-color);\n--palette-5-dark-3: #292e33;\n--palette-5-dark-3-darker: #25292e;\n--palette-5-dark-3-r: 41;\n--palette-5-dark-3-g: 46;\n--palette-5-dark-3-b: 51;\n--palette-5-dark-3-contrast: white;\n--palette-5-dark-3-contrast-darker: white;\n--palette-5-dark-3-text-color: var(--body-alt-color);\n--palette-5-dark-2: #3d4e61;\n--palette-5-dark-2-darker: #374657;\n--palette-5-dark-2-r: 61;\n--palette-5-dark-2-g: 78;\n--palette-5-dark-2-b: 97;\n--palette-5-dark-2-contrast: white;\n--palette-5-dark-2-contrast-darker: white;\n--palette-5-dark-2-text-color: var(--body-alt-color);\n--palette-5-dark-1: #40668f;\n--palette-5-dark-1-darker: #3a5c81;\n--palette-5-dark-1-r: 64;\n--palette-5-dark-1-g: 102;\n--palette-5-dark-1-b: 143;\n--palette-5-dark-1-contrast: white;\n--palette-5-dark-1-contrast-darker: white;\n--palette-5-dark-1-text-color: var(--body-alt-color);\n--palette-5: #6f9dcf;\n--palette-5-darker: #578dc7;\n--palette-5-r: 111;\n--palette-5-g: 157;\n--palette-5-b: 207;\n--palette-5-contrast: white;\n--palette-5-contrast-darker: white;\n--palette-5-text-color: var(--body-alt-color);\n--palette-5-light-1: #96b8de;\n--palette-5-light-1-darker: #7aa5d5;\n--palette-5-light-1-r: 150;\n--palette-5-light-1-g: 184;\n--palette-5-light-1-b: 222;\n--palette-5-light-1-contrast: white;\n--palette-5-light-1-contrast-darker: white;\n--palette-5-light-1-text-color: var(--body-alt-color);\n--palette-5-light-2: #c0d5ec;\n--palette-5-light-2-darker: #9fbfe2;\n--palette-5-light-2-r: 192;\n--palette-5-light-2-g: 213;\n--palette-5-light-2-b: 236;\n--palette-5-light-2-contrast: black;\n--palette-5-light-2-contrast-darker: black;\n--palette-5-light-2-text-color: var(--body-color);\n--palette-5-light-3: #eff4fa;\n--palette-5-light-3-darker: #cadaee;\n--palette-5-light-3-r: 239;\n--palette-5-light-3-g: 244;\n--palette-5-light-3-b: 250;\n--palette-5-light-3-contrast: black;\n--palette-5-light-3-contrast-darker: black;\n--palette-5-light-3-text-color: var(--body-color);\n--grey-40: #999999;\n--grey-40-darker: #8a8a8a;\n--grey-40-r: 153;\n--grey-40-g: 153;\n--grey-40-b: 153;\n--grey-40-contrast: white;\n--grey-40-contrast-darker: white;\n--grey-40-text-color: var(--body-alt-color);\n--grey-30: #b3b3b3;\n--grey-30-darker: #a1a1a1;\n--grey-30-r: 179;\n--grey-30-g: 179;\n--grey-30-b: 179;\n--grey-30-contrast: white;\n--grey-30-contrast-darker: white;\n--grey-30-text-color: var(--body-alt-color);\n--grey-25: #c0c0c0;\n--grey-25-darker: #adadad;\n--grey-25-r: 192;\n--grey-25-g: 192;\n--grey-25-b: 192;\n--grey-25-contrast: black;\n--grey-25-contrast-darker: white;\n--grey-25-text-color: var(--body-color);\n--white: #ffffff;\n--white-darker: #e6e6e6;\n--white-r: 255;\n--white-g: 255;\n--white-b: 255;\n--white-contrast: black;\n--white-contrast-darker: black;\n--white-text-color: var(--body-color);\n--grey-15: #d9d9d9;\n--grey-15-darker: #c3c3c3;\n--grey-15-r: 217;\n--grey-15-g: 217;\n--grey-15-b: 217;\n--grey-15-contrast: black;\n--grey-15-contrast-darker: black;\n--grey-15-text-color: var(--body-color);\n--grey-10: #e5e5e5;\n--grey-10-darker: #cecece;\n--grey-10-r: 229;\n--grey-10-g: 229;\n--grey-10-b: 229;\n--grey-10-contrast: black;\n--grey-10-contrast-darker: black;\n--grey-10-text-color: var(--body-color);\n--grey-5: #f2f2f2;\n--grey-5-darker: #dadada;\n--grey-5-r: 242;\n--grey-5-g: 242;\n--grey-5-b: 242;\n--grey-5-contrast: black;\n--grey-5-contrast-darker: black;\n--grey-5-text-color: var(--body-color);\n--grey-90: #1a1a1a;\n--grey-90-darker: #171717;\n--grey-90-r: 26;\n--grey-90-g: 26;\n--grey-90-b: 26;\n--grey-90-contrast: white;\n--grey-90-contrast-darker: white;\n--grey-90-text-color: var(--body-alt-color);\n--grey-80: #333333;\n--grey-80-darker: #2e2e2e;\n--grey-80-r: 51;\n--grey-80-g: 51;\n--grey-80-b: 51;\n--grey-80-contrast: white;\n--grey-80-contrast-darker: white;\n--grey-80-text-color: var(--body-alt-color);\n--grey-75: #404040;\n--grey-75-darker: #3a3a3a;\n--grey-75-r: 64;\n--grey-75-g: 64;\n--grey-75-b: 64;\n--grey-75-contrast: white;\n--grey-75-contrast-darker: white;\n--grey-75-text-color: var(--body-alt-color);\n--black: #000000;\n--black-darker: #000000;\n--black-r: 0;\n--black-g: 0;\n--black-b: 0;\n--black-contrast: white;\n--black-contrast-darker: white;\n--black-text-color: var(--body-alt-color);\n--grey-70: #4d4d4d;\n--grey-70-darker: #454545;\n--grey-70-r: 77;\n--grey-70-g: 77;\n--grey-70-b: 77;\n--grey-70-contrast: white;\n--grey-70-contrast-darker: white;\n--grey-70-text-color: var(--body-alt-color);\n--grey-60: #666666;\n--grey-60-darker: #5c5c5c;\n--grey-60-r: 102;\n--grey-60-g: 102;\n--grey-60-b: 102;\n--grey-60-contrast: white;\n--grey-60-contrast-darker: white;\n--grey-60-text-color: var(--body-alt-color);\n--grey-50: #808080;\n--grey-50-darker: #737373;\n--grey-50-r: 128;\n--grey-50-g: 128;\n--grey-50-b: 128;\n--grey-50-contrast: white;\n--grey-50-contrast-darker: white;\n--grey-50-text-color: var(--body-alt-color);\n--grey-dark-3: #212121;\n--grey-dark-3-darker: #1e1e1e;\n--grey-dark-3-r: 33;\n--grey-dark-3-g: 33;\n--grey-dark-3-b: 33;\n--grey-dark-3-contrast: white;\n--grey-dark-3-contrast-darker: white;\n--grey-dark-3-text-color: var(--body-alt-color);\n--grey-dark-2: #333333;\n--grey-dark-2-darker: #2e2e2e;\n--grey-dark-2-r: 51;\n--grey-dark-2-g: 51;\n--grey-dark-2-b: 51;\n--grey-dark-2-contrast: white;\n--grey-dark-2-contrast-darker: white;\n--grey-dark-2-text-color: var(--body-alt-color);\n--grey-dark-1: #454545;\n--grey-dark-1-darker: #3e3e3e;\n--grey-dark-1-r: 69;\n--grey-dark-1-g: 69;\n--grey-dark-1-b: 69;\n--grey-dark-1-contrast: white;\n--grey-dark-1-contrast-darker: white;\n--grey-dark-1-text-color: var(--body-alt-color);\n--grey: #b3b3b3;\n--grey-darker: #a1a1a1;\n--grey-r: 179;\n--grey-g: 179;\n--grey-b: 179;\n--grey-contrast: white;\n--grey-contrast-darker: white;\n--grey-text-color: var(--body-alt-color);\n--grey-light-1: #d9d9d9;\n--grey-light-1-darker: #c3c3c3;\n--grey-light-1-r: 217;\n--grey-light-1-g: 217;\n--grey-light-1-b: 217;\n--grey-light-1-contrast: black;\n--grey-light-1-contrast-darker: black;\n--grey-light-1-text-color: var(--body-color);\n--grey-light-2: #eeeeee;\n--grey-light-2-darker: #d6d6d6;\n--grey-light-2-r: 238;\n--grey-light-2-g: 238;\n--grey-light-2-b: 238;\n--grey-light-2-contrast: black;\n--grey-light-2-contrast-darker: black;\n--grey-light-2-text-color: var(--body-color);\n--grey-light-3: #f6f6f6;\n--grey-light-3-darker: #dddddd;\n--grey-light-3-r: 246;\n--grey-light-3-g: 246;\n--grey-light-3-b: 246;\n--grey-light-3-contrast: black;\n--grey-light-3-contrast-darker: black;\n--grey-light-3-text-color: var(--body-color);\n--color-1-base: #afede2;\n--color-1-base-darker: #8de5d6;\n--color-1-base-r: 175;\n--color-1-base-g: 237;\n--color-1-base-b: 226;\n--color-1-base-contrast: black;\n--color-1-base-contrast-darker: black;\n--color-1-base-text-color: var(--body-color);\n--color-1-dark-3: #293331;\n--color-1-dark-3-darker: #252e2c;\n--color-1-dark-3-r: 41;\n--color-1-dark-3-g: 51;\n--color-1-dark-3-b: 49;\n--color-1-dark-3-contrast: white;\n--color-1-dark-3-contrast-darker: white;\n--color-1-dark-3-text-color: var(--body-alt-color);\n--color-1-dark-2: #4b635f;\n--color-1-dark-2-darker: #445956;\n--color-1-dark-2-r: 75;\n--color-1-dark-2-g: 99;\n--color-1-dark-2-b: 95;\n--color-1-dark-2-contrast: white;\n--color-1-dark-2-contrast-darker: white;\n--color-1-dark-2-text-color: var(--body-alt-color);\n--color-1-dark-1: #69938b;\n--color-1-dark-1-darker: #5f847d;\n--color-1-dark-1-r: 105;\n--color-1-dark-1-g: 147;\n--color-1-dark-1-b: 139;\n--color-1-dark-1-contrast: white;\n--color-1-dark-1-contrast-darker: white;\n--color-1-dark-1-text-color: var(--body-alt-color);\n--color-1: #84c2b7;\n--color-1-darker: #6eb7aa;\n--color-1-r: 132;\n--color-1-g: 194;\n--color-1-b: 183;\n--color-1-contrast: white;\n--color-1-contrast-darker: white;\n--color-1-text-color: var(--body-alt-color);\n--color-1-light-1: #afede2;\n--color-1-light-1-darker: #8de5d6;\n--color-1-light-1-r: 175;\n--color-1-light-1-g: 237;\n--color-1-light-1-b: 226;\n--color-1-light-1-contrast: black;\n--color-1-light-1-contrast-darker: black;\n--color-1-light-1-text-color: var(--body-color);\n--color-1-light-2: #d2f5ef;\n--color-1-light-2-darker: #adede2;\n--color-1-light-2-r: 210;\n--color-1-light-2-g: 245;\n--color-1-light-2-b: 239;\n--color-1-light-2-contrast: black;\n--color-1-light-2-contrast-darker: black;\n--color-1-light-2-text-color: var(--body-color);\n--color-1-light-3: #f7fdfc;\n--color-1-light-3-darker: #cff3ed;\n--color-1-light-3-r: 247;\n--color-1-light-3-g: 253;\n--color-1-light-3-b: 252;\n--color-1-light-3-contrast: black;\n--color-1-light-3-contrast-darker: black;\n--color-1-light-3-text-color: var(--body-color);\n--color-2-base: #65bfaf;\n--color-2-base-darker: #50b6a4;\n--color-2-base-r: 101;\n--color-2-base-g: 191;\n--color-2-base-b: 175;\n--color-2-base-contrast: white;\n--color-2-base-contrast-darker: white;\n--color-2-base-text-color: var(--body-alt-color);\n--color-2-dark-3: #293331;\n--color-2-dark-3-darker: #252e2c;\n--color-2-dark-3-r: 41;\n--color-2-dark-3-g: 51;\n--color-2-dark-3-b: 49;\n--color-2-dark-3-contrast: white;\n--color-2-dark-3-contrast-darker: white;\n--color-2-dark-3-text-color: var(--body-alt-color);\n--color-2-dark-2: #45625d;\n--color-2-dark-2-darker: #3e5854;\n--color-2-dark-2-r: 69;\n--color-2-dark-2-g: 98;\n--color-2-dark-2-b: 93;\n--color-2-dark-2-contrast: white;\n--color-2-dark-2-contrast-darker: white;\n--color-2-dark-2-text-color: var(--body-alt-color);\n--color-2-dark-1: #599087;\n--color-2-dark-1-darker: #50827a;\n--color-2-dark-1-r: 89;\n--color-2-dark-1-g: 144;\n--color-2-dark-1-b: 135;\n--color-2-dark-1-contrast: white;\n--color-2-dark-1-contrast-darker: white;\n--color-2-dark-1-text-color: var(--body-alt-color);\n--color-2: #65bfaf;\n--color-2-darker: #50b6a4;\n--color-2-r: 101;\n--color-2-g: 191;\n--color-2-b: 175;\n--color-2-contrast: white;\n--color-2-contrast-darker: white;\n--color-2-text-color: var(--body-alt-color);\n--color-2-light-1: #8dd2c6;\n--color-2-light-1-darker: #74c8b9;\n--color-2-light-1-r: 141;\n--color-2-light-1-g: 210;\n--color-2-light-1-b: 198;\n--color-2-light-1-contrast: black;\n--color-2-light-1-contrast-darker: white;\n--color-2-light-1-text-color: var(--body-color);\n--color-2-light-2: #bae5de;\n--color-2-light-2-darker: #9cdad0;\n--color-2-light-2-r: 186;\n--color-2-light-2-g: 229;\n--color-2-light-2-b: 222;\n--color-2-light-2-contrast: black;\n--color-2-light-2-contrast-darker: black;\n--color-2-light-2-text-color: var(--body-color);\n--color-2-light-3: #edf9f7;\n--color-2-light-3-darker: #c9ede7;\n--color-2-light-3-r: 237;\n--color-2-light-3-g: 249;\n--color-2-light-3-b: 247;\n--color-2-light-3-contrast: black;\n--color-2-light-3-contrast-darker: black;\n--color-2-light-3-text-color: var(--body-color);\n--color-3-base: #4da1be;\n--color-3-base-darker: #4093b0;\n--color-3-base-r: 77;\n--color-3-base-g: 161;\n--color-3-base-b: 190;\n--color-3-base-contrast: white;\n--color-3-base-contrast-darker: white;\n--color-3-base-text-color: var(--body-alt-color);\n--color-3-dark-3: #293033;\n--color-3-dark-3-darker: #252b2e;\n--color-3-dark-3-r: 41;\n--color-3-dark-3-g: 48;\n--color-3-dark-3-b: 51;\n--color-3-dark-3-contrast: white;\n--color-3-dark-3-contrast-darker: white;\n--color-3-dark-3-text-color: var(--body-alt-color);\n--color-3-dark-2: #496c79;\n--color-3-dark-2-darker: #42616d;\n--color-3-dark-2-r: 73;\n--color-3-dark-2-g: 108;\n--color-3-dark-2-b: 121;\n--color-3-dark-2-contrast: white;\n--color-3-dark-2-contrast-darker: white;\n--color-3-dark-2-text-color: var(--body-alt-color);\n--color-3-dark-1: #4da1be;\n--color-3-dark-1-darker: #4093b0;\n--color-3-dark-1-r: 77;\n--color-3-dark-1-g: 161;\n--color-3-dark-1-b: 190;\n--color-3-dark-1-contrast: white;\n--color-3-dark-1-contrast-darker: white;\n--color-3-dark-1-text-color: var(--body-alt-color);\n--color-3: #5fb9d8;\n--color-3-darker: #46aed2;\n--color-3-r: 95;\n--color-3-g: 185;\n--color-3-b: 216;\n--color-3-contrast: white;\n--color-3-contrast-darker: white;\n--color-3-text-color: var(--body-alt-color);\n--color-3-light-1: #8acde3;\n--color-3-light-1-darker: #6dc0dc;\n--color-3-light-1-r: 138;\n--color-3-light-1-g: 205;\n--color-3-light-1-b: 227;\n--color-3-light-1-contrast: black;\n--color-3-light-1-contrast-darker: white;\n--color-3-light-1-text-color: var(--body-color);\n--color-3-light-2: #bae2ef;\n--color-3-light-2-darker: #97d3e7;\n--color-3-light-2-r: 186;\n--color-3-light-2-g: 226;\n--color-3-light-2-b: 239;\n--color-3-light-2-contrast: black;\n--color-3-light-2-contrast-darker: black;\n--color-3-light-2-text-color: var(--body-color);\n--color-3-light-3: #edf7fb;\n--color-3-light-3-darker: #c5e5f2;\n--color-3-light-3-r: 237;\n--color-3-light-3-g: 247;\n--color-3-light-3-b: 251;\n--color-3-light-3-contrast: black;\n--color-3-light-3-contrast-darker: black;\n--color-3-light-3-text-color: var(--body-color);\n--color-4-base: #56779c;\n--color-4-base-darker: #4d6b8c;\n--color-4-base-r: 86;\n--color-4-base-g: 119;\n--color-4-base-b: 156;\n--color-4-base-contrast: white;\n--color-4-base-contrast-darker: white;\n--color-4-base-text-color: var(--body-alt-color);\n--color-4-dark-3: #292e33;\n--color-4-dark-3-darker: #25292e;\n--color-4-dark-3-r: 41;\n--color-4-dark-3-g: 46;\n--color-4-dark-3-b: 51;\n--color-4-dark-3-contrast: white;\n--color-4-dark-3-contrast-darker: white;\n--color-4-dark-3-text-color: var(--body-alt-color);\n--color-4-dark-2: #465668;\n--color-4-dark-2-darker: #3f4d5e;\n--color-4-dark-2-r: 70;\n--color-4-dark-2-g: 86;\n--color-4-dark-2-b: 104;\n--color-4-dark-2-contrast: white;\n--color-4-dark-2-contrast-darker: white;\n--color-4-dark-2-text-color: var(--body-alt-color);\n--color-4-dark-1: #56779c;\n--color-4-dark-1-darker: #4d6b8c;\n--color-4-dark-1-r: 86;\n--color-4-dark-1-g: 119;\n--color-4-dark-1-b: 156;\n--color-4-dark-1-contrast: white;\n--color-4-dark-1-contrast-darker: white;\n--color-4-dark-1-text-color: var(--body-alt-color);\n--color-4: #7b9fc8;\n--color-4-darker: #648ebf;\n--color-4-r: 123;\n--color-4-g: 159;\n--color-4-b: 200;\n--color-4-contrast: white;\n--color-4-contrast-darker: white;\n--color-4-text-color: var(--body-alt-color);\n--color-4-light-1: #9ebad9;\n--color-4-light-1-darker: #83a7ce;\n--color-4-light-1-r: 158;\n--color-4-light-1-g: 186;\n--color-4-light-1-b: 217;\n--color-4-light-1-contrast: white;\n--color-4-light-1-contrast-darker: white;\n--color-4-light-1-text-color: var(--body-alt-color);\n--color-4-light-2: #c5d6e9;\n--color-4-light-2-darker: #a6c0dd;\n--color-4-light-2-r: 197;\n--color-4-light-2-g: 214;\n--color-4-light-2-b: 233;\n--color-4-light-2-contrast: black;\n--color-4-light-2-contrast-darker: black;\n--color-4-light-2-text-color: var(--body-color);\n--color-4-light-3: #f0f4fa;\n--color-4-light-3-darker: #cbd9ee;\n--color-4-light-3-r: 240;\n--color-4-light-3-g: 244;\n--color-4-light-3-b: 250;\n--color-4-light-3-contrast: black;\n--color-4-light-3-contrast-darker: black;\n--color-4-light-3-text-color: var(--body-color);\n--color-5-base: #40668f;\n--color-5-base-darker: #3a5c81;\n--color-5-base-r: 64;\n--color-5-base-g: 102;\n--color-5-base-b: 143;\n--color-5-base-contrast: white;\n--color-5-base-contrast-darker: white;\n--color-5-base-text-color: var(--body-alt-color);\n--color-5-dark-3: #292e33;\n--color-5-dark-3-darker: #25292e;\n--color-5-dark-3-r: 41;\n--color-5-dark-3-g: 46;\n--color-5-dark-3-b: 51;\n--color-5-dark-3-contrast: white;\n--color-5-dark-3-contrast-darker: white;\n--color-5-dark-3-text-color: var(--body-alt-color);\n--color-5-dark-2: #3d4e61;\n--color-5-dark-2-darker: #374657;\n--color-5-dark-2-r: 61;\n--color-5-dark-2-g: 78;\n--color-5-dark-2-b: 97;\n--color-5-dark-2-contrast: white;\n--color-5-dark-2-contrast-darker: white;\n--color-5-dark-2-text-color: var(--body-alt-color);\n--color-5-dark-1: #40668f;\n--color-5-dark-1-darker: #3a5c81;\n--color-5-dark-1-r: 64;\n--color-5-dark-1-g: 102;\n--color-5-dark-1-b: 143;\n--color-5-dark-1-contrast: white;\n--color-5-dark-1-contrast-darker: white;\n--color-5-dark-1-text-color: var(--body-alt-color);\n--color-5: #6f9dcf;\n--color-5-darker: #578dc7;\n--color-5-r: 111;\n--color-5-g: 157;\n--color-5-b: 207;\n--color-5-contrast: white;\n--color-5-contrast-darker: white;\n--color-5-text-color: var(--body-alt-color);\n--color-5-light-1: #96b8de;\n--color-5-light-1-darker: #7aa5d5;\n--color-5-light-1-r: 150;\n--color-5-light-1-g: 184;\n--color-5-light-1-b: 222;\n--color-5-light-1-contrast: white;\n--color-5-light-1-contrast-darker: white;\n--color-5-light-1-text-color: var(--body-alt-color);\n--color-5-light-2: #c0d5ec;\n--color-5-light-2-darker: #9fbfe2;\n--color-5-light-2-r: 192;\n--color-5-light-2-g: 213;\n--color-5-light-2-b: 236;\n--color-5-light-2-contrast: black;\n--color-5-light-2-contrast-darker: black;\n--color-5-light-2-text-color: var(--body-color);\n--color-5-light-3: #eff4fa;\n--color-5-light-3-darker: #cadaee;\n--color-5-light-3-r: 239;\n--color-5-light-3-g: 244;\n--color-5-light-3-b: 250;\n--color-5-light-3-contrast: black;\n--color-5-light-3-contrast-darker: black;\n--color-5-light-3-text-color: var(--body-color);\n--white-contrast: var(--body-color);\n--shading-contrast: var(--body-alt-color);\n--bg-contrast: var(--body-alt-color);\n}</style><style id=\"typography\" typography=\"custom-page-typography-10\">\n        .u-body\n        {\n        --title-font-weight: 400;\n        --title-font-size: 3.736842105263158rem;\n        --title-line-height: 1.1;\n        --title-margin-top: 20px;\n        --title-margin-bottom: 20px;\n        --subtitle-font-weight: 400;\n        --subtitle-font-size: 2.263157894736842rem;\n        --subtitle-line-height: 1.1;\n        --subtitle-margin-top: 20px;\n        --subtitle-margin-bottom: 20px;\n        --h1-font-weight: 400;\n        --h1-font-size: 4.526315789473684rem;\n        --h1-line-height: 1.1;\n        --h1-margin-top: 20px;\n        --h1-margin-bottom: 20px;\n        --h2-font-size: 3rem;\n        --h2-line-height: 1.1;\n        --h2-margin-top: 20px;\n        --h2-margin-bottom: 20px;\n        --h2-text-transform: uppercase;\n        --h2-color: var(--palette-2-base);\n        --h2-list-icon-spacing: 0.3;\n        --h2-list-icon-size: 0.8;\n        --h2-font-family: 'Playfair Display',serif;\n        --h2-font-weight: 700;\n        --h2-alt-text-color: var(--palette-2-light-2);\n        --h3-font-weight: 400;\n        --h3-font-size: 2.263157894736842rem;\n        --h3-line-height: 1.2;\n        --h3-margin-top: 20px;\n        --h3-margin-bottom: 20px;\n        --h4-font-size: 1.894736842105263rem;\n        --h4-line-height: 0.8;\n        --h4-margin-top: 20px;\n        --h4-margin-bottom: 20px;\n        --h4-font-weight: 400;\n        --h4-color: var(--grey-5);\n        --h4-list-icon-spacing: 0.3;\n        --h4-list-icon-size: 0.8;\n        --h4-font-family: 'Playfair Display',serif;\n        --h4-alt-text-color: var(--grey-30);\n        --h5-font-weight: 400;\n        --h5-font-size: 1.263157894736842rem;\n        --h5-line-height: 1.2;\n        --h5-margin-top: 20px;\n        --h5-margin-bottom: 20px;\n        --h6-font-size: 0.8947368421052632rem;\n        --h6-line-height: 1.2;\n        --h6-margin-top: 20px;\n        --h6-margin-bottom: 20px;\n        --h6-font-weight: 300;\n        --h6-text-transform: uppercase;\n        --h6-letter-spacing: 4px;\n        --h6-list-icon-spacing: 0.3;\n        --h6-list-icon-size: 0.8;\n        --largeText-font-size: 1.105263157894737rem;\n        --largeText-margin-top: 20px;\n        --largeText-margin-bottom: 20px;\n        --smallText-font-size: 0.631578947368421rem;\n        --smallText-margin-top: 20px;\n        --smallText-margin-bottom: 20px;\n        --text-margin-top: 20px;\n        --text-margin-bottom: 20px;\n        --text-line-height: 1.6;\n        --text-color: var(--grey-40);\n        --text-list-icon-spacing: 0.3;\n        --text-list-icon-size: 0.8;\n        --text-alt-text-color: var(--grey-10);\n        --hyperlink-color: var(--palette-1-base);\n        --hyperlink-alt-text-color: var(--palette-1-dark-2);\n        --hyperlink-hover-color: var(--palette-1-base-darker);\n        --hyperlink-hover-alt-text-color: var(--grey-30-darker);\n        --button-margin-top: 20px;\n        --button-margin-bottom: 20px;\n        --button-background-color: var(--palette-1-base);\n        --button-color: var(--black);\n        --button-hover-background-color: var(--palette-1-base-darker);\n        --button-hover-color: var(--black-darker);\n        --button-hover-background-color: var(--palette-1-base-darker);\n        --button-hover-color: var(--black-darker);\n        --button-active-background-color: var(--palette-1-base-darker);\n        --button-active-color: var(--black-darker);\n        --blockquote-font-style: italic;\n        --blockquote-padding-left: 20px;\n        --blockquote-border-width: 4px;\n        --blockquote-border-color: var(--palette-1-base);\n        --blockquote-margin-top: 20px;\n        --blockquote-margin-bottom: 20px;\n        --metadata-margin-top: 20px;\n        --metadata-margin-bottom: 20px;\n        --list-margin-top: 20px;\n        --list-margin-bottom: 20px;\n        --orderedlist-margin-top: 20px;\n        --orderedlist-margin-bottom: 20px;\n        --postContent-margin-top: 20px;\n        --postContent-margin-bottom: 20px;\n        --theme-background-image: linear-gradient(var(--palette-5-light-2), var(--grey-75));\n        --theme-background-attachment: fixed;\n        --title-font-size-sm: 3.75rem;\n        --title-font-size-xs: 3rem;\n        --subtitle-font-size-xs: 1.5rem;\n        --h1-font-size-xs: 2.25rem;\n        --h2-font-size-xs: 1.5rem;\n        --h3-font-size-xs: 1.5rem;\n        }\n\n        /** common-rules **/\n        h1.u-title\n        {\n        font-weight: var(--title-font-weight);\n        font-size: var(--title-font-size);\n        line-height: var(--title-line-height);\n        margin-top: var(--title-margin-top);\n        margin-bottom: var(--title-margin-bottom);\n        }\n        h2.u-subtitle\n        {\n        font-weight: var(--subtitle-font-weight);\n        font-size: var(--subtitle-font-size);\n        line-height: var(--subtitle-line-height);\n        margin-top: var(--subtitle-margin-top);\n        margin-bottom: var(--subtitle-margin-bottom);\n        }\n        h1:not(.u-title)\n        {\n        font-weight: var(--h1-font-weight);\n        font-size: var(--h1-font-size);\n        line-height: var(--h1-line-height);\n        margin-top: var(--h1-margin-top);\n        margin-bottom: var(--h1-margin-bottom);\n        }\n        h2:not(.u-subtitle)\n        {\n        font-size: var(--h2-font-size);\n        line-height: var(--h2-line-height);\n        margin-top: var(--h2-margin-top);\n        margin-bottom: var(--h2-margin-bottom);\n        text-transform: var(--h2-text-transform);\n        list-icon-spacing: var(--h2-list-icon-spacing);\n        list-icon-size: var(--h2-list-icon-size);\n        font-family: var(--h2-font-family);\n        font-weight: var(--h2-font-weight);\n        }\n        h3\n        {\n        font-weight: var(--h3-font-weight);\n        font-size: var(--h3-font-size);\n        line-height: var(--h3-line-height);\n        margin-top: var(--h3-margin-top);\n        margin-bottom: var(--h3-margin-bottom);\n        }\n        h4\n        {\n        font-size: var(--h4-font-size);\n        line-height: var(--h4-line-height);\n        margin-top: var(--h4-margin-top);\n        margin-bottom: var(--h4-margin-bottom);\n        font-weight: var(--h4-font-weight);\n        list-icon-spacing: var(--h4-list-icon-spacing);\n        list-icon-size: var(--h4-list-icon-size);\n        font-family: var(--h4-font-family);\n        }\n        h5\n        {\n        font-weight: var(--h5-font-weight);\n        font-size: var(--h5-font-size);\n        line-height: var(--h5-line-height);\n        margin-top: var(--h5-margin-top);\n        margin-bottom: var(--h5-margin-bottom);\n        }\n        h6\n        {\n        font-size: var(--h6-font-size);\n        line-height: var(--h6-line-height);\n        margin-top: var(--h6-margin-top);\n        margin-bottom: var(--h6-margin-bottom);\n        font-weight: var(--h6-font-weight);\n        text-transform: var(--h6-text-transform);\n        letter-spacing: var(--h6-letter-spacing);\n        list-icon-spacing: var(--h6-list-icon-spacing);\n        list-icon-size: var(--h6-list-icon-size);\n        }\n        p.u-large-text\n        {\n        font-size: var(--largeText-font-size);\n        margin-top: var(--largeText-margin-top);\n        margin-bottom: var(--largeText-margin-bottom);\n        }\n        p.u-small-text\n        {\n        font-size: var(--smallText-font-size);\n        margin-top: var(--smallText-margin-top);\n        margin-bottom: var(--smallText-margin-bottom);\n        }\n        p:not(.u-text-variant)\n        {\n        margin-top: var(--text-margin-top);\n        margin-bottom: var(--text-margin-bottom);\n        line-height: var(--text-line-height);\n        list-icon-spacing: var(--text-list-icon-spacing);\n        list-icon-size: var(--text-list-icon-size);\n        }\n        .u-btn\n        {\n        margin-top: var(--button-margin-top);\n        margin-bottom: var(--button-margin-bottom);\n        }\n        blockquote\n        {\n        font-style: var(--blockquote-font-style);\n        padding-left: var(--blockquote-padding-left);\n        border-width: var(--blockquote-border-width);\n        margin-top: var(--blockquote-margin-top);\n        margin-bottom: var(--blockquote-margin-bottom);\n        }\n        .u-metadata\n        {\n        margin-top: var(--metadata-margin-top);\n        margin-bottom: var(--metadata-margin-bottom);\n        }\n        ul:not(.u-unstyled)\n        {\n        margin-top: var(--list-margin-top);\n        margin-bottom: var(--list-margin-bottom);\n        }\n        ol\n        {\n        margin-top: var(--orderedlist-margin-top);\n        margin-bottom: var(--orderedlist-margin-bottom);\n        }\n        .u-post-content\n        {\n        margin-top: var(--postContent-margin-top);\n        margin-bottom: var(--postContent-margin-bottom);\n        }\n        .u-body\n        {\n        background-image: var(--theme-background-image);\n        background-attachment: var(--theme-background-attachment);\n        }\n        /** common-rules **/\n\n        /** publish-rules **/\n        /*begin-media rules*/\n        @media (max-width: 767px) {\n        h1.u-title\n        {\n        font-size: var(--title-font-size-sm);\n        }\n        }\n        @media (max-width: 575px) {\n        h1.u-title\n        {\n        font-size: var(--title-font-size-xs);\n        }\n        }\n        @media (max-width: 575px) {\n        h2.u-subtitle\n        {\n        font-size: var(--subtitle-font-size-xs);\n        }\n        }\n        @media (max-width: 575px) {\n        h1:not(.u-title)\n        {\n        font-size: var(--h1-font-size-xs);\n        }\n        }\n        @media (max-width: 575px) {\n        h2:not(.u-subtitle)\n        {\n        font-size: var(--h2-font-size-xs);\n        }\n        }\n        @media (max-width: 575px) {\n        h3\n        {\n        font-size: var(--h3-font-size-xs);\n        }\n        }\n        /*end-media rules*/\n        /** publish-rules **/\n\n        \n\n        /** cms-rules **/\n        /*begin-responsive rules*/\n        .u-sm h1.u-title\n        {\n        font-size: var(--title-font-size-sm);\n        }\n        .u-xs h1.u-title\n        {\n        font-size: var(--title-font-size-xs);\n        }\n        .u-xs h2.u-subtitle\n        {\n        font-size: var(--subtitle-font-size-xs);\n        }\n        .u-xs h1:not(.u-title)\n        {\n        font-size: var(--h1-font-size-xs);\n        }\n        .u-xs h2:not(.u-subtitle)\n        {\n        font-size: var(--h2-font-size-xs);\n        }\n        .u-xs h3\n        {\n        font-size: var(--h3-font-size-xs);\n        }\n        /*end-responsive rules*/\n        /** cms-rules **/\n\n        /** color-rules **/\n        .u-overlap.u-overlap-transparent:not(.u-overlap-contrast) .u-header :not(.u-nav-item) > h2:not(.u-subtitle),\n        .u-gradient > .u-container-layout > h2:not(.u-subtitle),\n        .u-image:not(.u-shading) > .u-container-layout > h2:not(.u-subtitle),\n        h2:not(.u-subtitle)\n        {\n        color: var(--h2-color);\n        }\n        .u-overlap.u-overlap-transparent:not(.u-overlap-contrast) .u-header :not(.u-nav-item) > h4,\n        .u-gradient > .u-container-layout > h4,\n        .u-image:not(.u-shading) > .u-container-layout > h4,\n        h4\n        {\n        color: var(--h4-color);\n        }\n        .u-overlap.u-overlap-transparent:not(.u-overlap-contrast) .u-header :not(.u-nav-item) > p:not(.u-text-variant),\n        .u-gradient > .u-container-layout > p:not(.u-text-variant),\n        .u-image:not(.u-shading) > .u-container-layout > p:not(.u-text-variant),\n        p:not(.u-text-variant)\n        {\n        color: var(--text-color);\n        }\n        .u-overlap.u-overlap-transparent:not(.u-overlap-contrast) .u-header :not(.u-nav-item) > a,\n        .u-gradient > .u-container-layout > a,\n        .u-image:not(.u-shading) > .u-container-layout > a,\n        a\n        {\n        color: var(--hyperlink-color);\n        }\n        .u-overlap.u-overlap-transparent:not(.u-overlap-contrast) .u-header :not(.u-nav-item) > a:hover,\n        .u-gradient > .u-container-layout > a:hover,\n        .u-image:not(.u-shading) > .u-container-layout > a:hover,\n        a:hover\n        {\n        color: var(--hyperlink-hover-color);\n        }\n        .u-overlap.u-overlap-transparent:not(.u-overlap-contrast) .u-header :not(.u-nav-item) > .u-btn,\n        .u-gradient > .u-container-layout > .u-btn,\n        .u-image:not(.u-shading) > .u-container-layout > .u-btn,\n        .u-btn\n        {\n        background-color: var(--button-background-color);\n        color: var(--button-color);\n        }\n        .u-overlap.u-overlap-transparent:not(.u-overlap-contrast) .u-header :not(.u-nav-item) > .u-btn:hover,\n        .u-gradient > .u-container-layout > .u-btn:hover,\n        .u-image:not(.u-shading) > .u-container-layout > .u-btn:hover,\n        .u-btn:hover\n        {\n        background-color: var(--button-hover-background-color);\n        color: var(--button-hover-color);\n        }\n        .u-overlap.u-overlap-transparent:not(.u-overlap-contrast) .u-header :not(.u-nav-item) > .u-btn:focus,\n        .u-gradient > .u-container-layout > .u-btn:focus,\n        .u-image:not(.u-shading) > .u-container-layout > .u-btn:focus,\n        .u-btn:focus\n        {\n        background-color: var(--button-hover-background-color);\n        color: var(--button-hover-color);\n        }\n        .u-overlap.u-overlap-transparent:not(.u-overlap-contrast) .u-header :not(.u-nav-item) > .u-btn:active,\n        .u-gradient > .u-container-layout > .u-btn:active,\n        .u-image:not(.u-shading) > .u-container-layout > .u-btn:active,\n        .u-btn:active\n        {\n        background-color: var(--button-active-background-color);\n        color: var(--button-active-color);\n        }\n        .u-overlap.u-overlap-transparent:not(.u-overlap-contrast) .u-header :not(.u-nav-item) > blockquote,\n        .u-gradient > .u-container-layout > blockquote,\n        .u-image:not(.u-shading) > .u-container-layout > blockquote,\n        blockquote\n        {\n        border-color: var(--blockquote-border-color);\n        }\n        /** color-rules **/\n\n        /** alt-color-rules **/\n        .u-body-color h2:not(.u-subtitle),.u-bg-color h2:not(.u-subtitle),.u-palette-1-dark-3 h2:not(.u-subtitle),.u-palette-1-dark-2 h2:not(.u-subtitle),.u-palette-1-dark-1 h2:not(.u-subtitle),.u-palette-1 h2:not(.u-subtitle),.u-palette-2-base h2:not(.u-subtitle),.u-palette-2-dark-3 h2:not(.u-subtitle),.u-palette-2-dark-2 h2:not(.u-subtitle),.u-palette-2-dark-1 h2:not(.u-subtitle),.u-palette-2 h2:not(.u-subtitle),.u-palette-3-base h2:not(.u-subtitle),.u-palette-3-dark-3 h2:not(.u-subtitle),.u-palette-3-dark-2 h2:not(.u-subtitle),.u-palette-3-dark-1 h2:not(.u-subtitle),.u-palette-3 h2:not(.u-subtitle),.u-palette-4-base h2:not(.u-subtitle),.u-palette-4-dark-3 h2:not(.u-subtitle),.u-palette-4-dark-2 h2:not(.u-subtitle),.u-palette-4-dark-1 h2:not(.u-subtitle),.u-palette-4 h2:not(.u-subtitle),.u-palette-4-light-1 h2:not(.u-subtitle),.u-palette-5-base h2:not(.u-subtitle),.u-palette-5-dark-3 h2:not(.u-subtitle),.u-palette-5-dark-2 h2:not(.u-subtitle),.u-palette-5-dark-1 h2:not(.u-subtitle),.u-palette-5 h2:not(.u-subtitle),.u-palette-5-light-1 h2:not(.u-subtitle),.u-grey-40 h2:not(.u-subtitle),.u-grey-30 h2:not(.u-subtitle),.u-grey-90 h2:not(.u-subtitle),.u-grey-80 h2:not(.u-subtitle),.u-grey-75 h2:not(.u-subtitle),.u-black h2:not(.u-subtitle),.u-grey-70 h2:not(.u-subtitle),.u-grey-60 h2:not(.u-subtitle),.u-grey-50 h2:not(.u-subtitle),.u-grey-dark-3 h2:not(.u-subtitle),.u-grey-dark-2 h2:not(.u-subtitle),.u-grey-dark-1 h2:not(.u-subtitle),.u-grey h2:not(.u-subtitle),.u-shading h2:not(.u-subtitle),.u-overlap-contrast .u-header h2:not(.u-subtitle):not(.u-nav-link):not(.u-btn)\n        {\n        color: var(--h2-alt-text-color);\n        }\n        .u-shading h4,.u-overlap-contrast .u-header h4:not(.u-nav-link):not(.u-btn)\n        {\n        color: var(--h4-alt-text-color);\n        }\n        .u-body-color p:not(.u-text-variant),.u-bg-color p:not(.u-text-variant),.u-palette-1-dark-3 p:not(.u-text-variant),.u-palette-1-dark-2 p:not(.u-text-variant),.u-palette-1-dark-1 p:not(.u-text-variant),.u-palette-1 p:not(.u-text-variant),.u-palette-2-base p:not(.u-text-variant),.u-palette-2-dark-3 p:not(.u-text-variant),.u-palette-2-dark-2 p:not(.u-text-variant),.u-palette-2-dark-1 p:not(.u-text-variant),.u-palette-2 p:not(.u-text-variant),.u-palette-3-base p:not(.u-text-variant),.u-palette-3-dark-3 p:not(.u-text-variant),.u-palette-3-dark-2 p:not(.u-text-variant),.u-palette-3-dark-1 p:not(.u-text-variant),.u-palette-3 p:not(.u-text-variant),.u-palette-4-base p:not(.u-text-variant),.u-palette-4-dark-3 p:not(.u-text-variant),.u-palette-4-dark-2 p:not(.u-text-variant),.u-palette-4-dark-1 p:not(.u-text-variant),.u-palette-4 p:not(.u-text-variant),.u-palette-4-light-1 p:not(.u-text-variant),.u-palette-5-base p:not(.u-text-variant),.u-palette-5-dark-3 p:not(.u-text-variant),.u-palette-5-dark-2 p:not(.u-text-variant),.u-palette-5-dark-1 p:not(.u-text-variant),.u-palette-5 p:not(.u-text-variant),.u-palette-5-light-1 p:not(.u-text-variant),.u-grey-40 p:not(.u-text-variant),.u-grey-30 p:not(.u-text-variant),.u-grey-90 p:not(.u-text-variant),.u-grey-80 p:not(.u-text-variant),.u-grey-75 p:not(.u-text-variant),.u-black p:not(.u-text-variant),.u-grey-70 p:not(.u-text-variant),.u-grey-60 p:not(.u-text-variant),.u-grey-50 p:not(.u-text-variant),.u-grey-dark-3 p:not(.u-text-variant),.u-grey-dark-2 p:not(.u-text-variant),.u-grey-dark-1 p:not(.u-text-variant),.u-grey p:not(.u-text-variant),.u-shading p:not(.u-text-variant),.u-overlap-contrast .u-header p:not(.u-text-variant):not(.u-nav-link):not(.u-btn)\n        {\n        color: var(--text-alt-text-color);\n        }\n        .u-shading a,.u-overlap-contrast .u-header a:not(.u-nav-link):not(.u-btn)\n        {\n        color: var(--hyperlink-alt-text-color);\n        }\n        /** alt-color-rules **/\n    </style><style id=\"font-scheme\" font-scheme=\"custom-font-family-2\" heading-font=\"Montserrat\" text-font=\"Montserrat\">.u-body {\n   --text-font: Montserrat;\n   --heading-font: Montserrat;\n}</style>","appVersion":"3.13.2","isTrial":false}